input_row_key,input_company_name,input_main_country_code,input_main_country,input_main_region,input_main_city,input_main_postcode,input_main_street,input_main_street_number
0,24-SEVEN MEDIA NETWORK (PRIVATE) LIMITED,PK,Pakistan,Sindh,Karachi,,,
1,2OPERATE A/S,DK,Denmark,North Denmark Region,Aalborg,9220,Niels Jernes Vej,10
10,ACCENTURE SERVICES AS,NO,Norway,Viken,Bærum,1364,Rolfsbuktveien,2
100,COMBA TELECOM LIMITED,HK,Hong Kong,Hong Kong,Hong Kong Island,,,
101,Comengineering Sdn. Bhd.,MY,Malaysia,Selangor,Subang Jaya,47650,Jalan Putra Mahkota 7/7B,2026-05-02 00:00:00
102,COMMSCOPE SOLUTIONS SINGAPORE PTE. LTD.,SG,Singapore,Central,Singapore,68804,Shenton Way,2
103,CommScope Technologies AG,CH,Switzerland,Zurich,Zurich,8001,Talstrasse,80
104,COMMSCOPE TECHNOLOGIES LLC,US,United States,West Virginia,,,,
105,COMVIVA TECHNOLOGIES LIMITED,IN,India,Haryana,Gurugram,122102,Golf Course Extension Road,
106,CONSCIA DANMARK A/S,DK,Denmark,Capital Region Of Denmark,Glostrup,2605,Kirkebjerg Parkvej,9
107,CONTROL RISKS GROUP LIMITED,GB,United Kingdom,England,London,SE1 2QG,Cottons Lane,
108,CORPORATE COMMUNICATIONS AS,NO,Norway,Oslo,Oslo,252,Fru Kroghs Brygge,2
109,"COUPA SOFTWARE, INC.",US,United States,California,San Mateo,94402,South Grant Street,1855
11,Accutics ApS,DK,Denmark,Region Of Southern Denmark,Odense,5250,Dalumvej,16
110,"COURSERA, INC.",US,United States,California,Mountain View,94041,East Evelyn Avenue,381
111,CRAYON A/S,DK,Denmark,Capital Region Of Denmark,Gladsaxe Municipality,2860,Tobaksvejen,2a 3
112,CRAYON AS,NO,Norway,Oslo,Oslo,484,Gullhaug Torg,5
113,CRAYON PTE. LTD.,SG,Singapore,,,,,
114,"CROWDSTRIKE SERVICES, INC.",US,United States,California,Sunnyvale,94086,Mathilda Place,150
115,Searcher ApS,DK,Denmark,Central Denmark Region,Aarhus Municipality,8000,20,7
116,"CUSHMAN & WAKEFIELD SERVICES (THAILAND) CO., LTD.",TH,Thailand,,,,,
117,DADES Center Ost ApS,DK,Denmark,Capital Region Of Denmark,Kongens Lyngby,2800,Lyngby Hovedgade,4
118,BONNIER BUSINESS PRESS A/S,DK,Denmark,Capital Region Of Denmark,Copenhagen,1116,Møntergade,19
119,DAILY JURRAT,PK,Pakistan,Punjab,Civil Lines,54010,Abbott Road,14
12,ACOME,FR,France,Ile-de-France,Paris,75014,Rue Du Montparnasse,52
120,Dansk Kredit Rad,DK,Denmark,Region Zealand,Greve Strand,2670,Greve Strandvej,9
121,DANSK SUNDHEDSSIKRING KOMPLEMENTARSELSKAB ApS,DK,Denmark,Capital Region Of Denmark,Herlev,2730,Marielundvej,43B
122,DANSKE BANK A/S,DK,Denmark,,,,,
123,Dantec Nordics ApS,DK,Denmark,Region Of Southern Denmark,Aabenraa Municipality,6330,Thorsvej,6
124,DEAS A/S,DK,Denmark,Capital Region Of Denmark,Frederiksberg Municipality,2000,Dirch Passers Allé,76
125,DEKO-STYLE V/ANJA GRONNE,DK,Denmark,Central Denmark Region,Aarhus Municipality,8250,Havlitvej,7
126,DELFI TECHNOLOGIES A/S,DK,Denmark,Region Zealand,Køge,4600,Galoche Alle,1
127,DELL AS,NO,Norway,Oslo,Oslo,283,Lilleakerveien,2B
128,Dell Corporation (Thailand) Co Ltd,TH,Thailand,Bangkok,Yan Nawa District,10120,,
129,DELL PRODUCTS,IE,Ireland,,,,,
13,"ACOME XINTAI CABLES CO., LTD.",CN,China,Shandong,Xintai,271200,,
130,DELOITTE ADVOKATFIRMA AS,NO,Norway,Oslo,Oslo,191,Dronning Eufemias Gate,14
131,DELOITTE AS,NO,Norway,Oslo,Oslo,191,Dronning Eufemias Gate,14
132,Deloitte Consulting (Sea) Sdn. Bhd.,MY,Malaysia,Kuala Lumpur,Kuala Lumpur,60000,Jalan Wan Kadir,2026-10-12 00:00:00
133,DELOITTE STATSAUTORISERET REVISIONSPARTNERSELSKAB,DK,Denmark,,,,,
134,"DELTA EJENDOM, AALBORG A/S",DK,Denmark,North Denmark Region,Aalborg Municipality,9000,Skibbrogade,2026-03-03 00:00:00
135,ELTEK AS,NO,Norway,Viken,Drammen,3036,,
136,DELTA ELECTRONICS INT'L (SINGAPORE) PTE. LTD.,SG,Singapore,Central,Singapore,339213,Kallang Junction,17
137,DHL EXPRESS (SINGAPORE) PTE. LTD.,SG,Singapore,Central,Singapore,18989,Marina Boulevard,1
138,DIAL ZERO (PRIVATE) LIMITED,PK,Pakistan,Sindh,Orangi,,,
139,Nets Denmark A/S,DK,Denmark,Capital Region Of Denmark,Ballerup,2750,Klausdalsbrovej,601
14,ADAPT A/S,DK,Denmark,Capital Region Of Denmark,Copenhagen,1411,Langebrogade,6A
140,DIGI TELECOMMUNICATIONS SDN BHD,MY,Malaysia,,,,,
141,Digi Telecommunications Sdn. Bhd.,MY,Malaysia,Selangor,Petaling Jaya,46200,Jalan Professor Khoo Kay Kim,
142,DK HOSTMASTER A/S,DK,Denmark,North Denmark Region,Aalborg Municipality,9430,Thisted Landevej,108
143,DNA OYJ,FI,Finland,,,,,
144,DNB Bank Karl Johan,NO,Norway,Oslo,Oslo,191,Dronning Eufemias Gate,30
145,"DET NORSKE VERITAS, BUSINESS ASSURANCE, DANMARK A/S",DK,Denmark,Capital Region Of Denmark,Gentofte Municipality,2900,Tuborg Parkvej,2026-08-02 00:00:00
146,Dtac Trinet Co Ltd,TH,Thailand,Bangkok,Bangkok,10330,,
147,DUBEX A/S,DK,Denmark,Capital Region Of Denmark,Gladsaxe Municipality,2860,Gyngemose Parkvej,50
148,DXC TECHNOLOGY NORGE AS,NO,Norway,Vestland,Bergen,5147,Folke Bernadottes Vei,38
149,DXC Technology Sverige AB,SE,Sweden,Stockholm County,Solna,,,
15,ADECCO A/S,DK,Denmark,Capital Region Of Denmark,Kongens Lyngby,2800,Lyngby Hovedgade,60
150,Dynamic-Telecommunication Sdn. Bhd.,MY,Malaysia,Johor,Ulu Tiram,81800,Jalan Cantik,50 & 50a
151,EASTCOMPEACE (SINGAPORE) PTE. LTD.,SG,Singapore,Central,Singapore,560501,Ang Mo Kio Avenue 5,7030
152,EASTCOMPEACE SMART CARD (BANGLADESH) LIMITED,BD,Bangladesh,,,,,
153,"Eastcompeace Technology Co.,Ltd",CN,China,Guangdong Province,Zhuhai,,,
154,Ecapacity A/S,DK,Denmark,Capital Region Of Denmark,Copenhagen,1577,Bernstorffsgade,21
155,ECI Media Management AB,SE,Sweden,Stockholm County,Stockholm,11853,Maria Skolgata,83
156,ECI MEDIA MANAGEMENT AB,SE,Sweden,,,,,
157,Edotco Group Sdn. Bhd.,MY,Malaysia,Kuala Lumpur,Kuala Lumpur,50470,,
158,EDOTCO TOWERS PAKISTAN (PRIVATE) LIMITED,PK,Pakistan,,,,,
159,Egencia Denmark A/S,DK,Denmark,Capital Region Of Denmark,Elsinore,3000,19,19
16,ADECCO PERSONNEL PTE LTD,SG,Singapore,,,,,
160,EGENCIA LLC,US,United States,Florida,,,,
161,EGENCIA NORWAY AS,NO,Norway,Oslo,Oslo,160,Tordenskiolds Gate,8
162,Egencia Sweden AB,SE,Sweden,Stockholm County,Stockholm,11743,Fredsborgsgatan,24
163,Egeneration Limited,BD,Bangladesh,Dhaka Division,Dhaka,,,
164,ELGIGANTEN GROSSIST A/S,DK,Denmark,Capital Region Of Denmark,Glostrup,2600,Hovedvejen,169173
165,ELTEL NETWORKS CONNECT A/S,DK,Denmark,Capital Region Of Denmark,Herlev,2730,Hørkær,3
166,Energy Cool ApS,DK,Denmark,Region Of Southern Denmark,Fredericia Municipality,7000,Snaremosevej,188A
167,ENETEK POWER SPOLKA Z OGRANICZONA ODPOWIEDZIALNOSCIA,PL,Poland,Holy Cross Voivodeship,Dobra,,Dobra,4e
168,ENERGI HOBRO TELE A/S,DK,Denmark,Central Denmark Region,Silkeborg,8600,Tietgensvej,4
169,Enreach Campaigns A/S,DK,Denmark,Capital Region Of Denmark,Gladsaxe Municipality,2860,Tobaksvejen,25
17,ADOBE SYSTEMS SOFTWARE IRELAND LIMITED,IE,Ireland,Leinster,Dublin,D24 DCW0,,
170,Ericsson (Malaysia) Sdn. Bhd.,MY,Malaysia,Selangor,Petaling Jaya,46150,,
171,Ericsson (Thailand) Limited,TH,Thailand,Bangkok,Chatuchak,10900,Vibhavadi Rangsit Road,2200
172,ERICSSON AB,SE,Sweden,,,,,
173,ERICSSON AS,NO,Norway,Viken,Bærum,1364,Rolfsbuktveien,4F
174,ERICSSON DANMARK A/S,DK,Denmark,Capital Region Of Denmark,Copenhagen,2300,Ørestads Boulevard,108
175,ERNST & YOUNG LLP,SG,Singapore,Central,Singapore,48583,Raffles Quay,1
176,EY Godkendt Revisionspartnerselskab,DK,Denmark,Capital Region Of Denmark,Frederiksberg Municipality,2000,Dirch Passers Allé,36
177,ERP DENMARK ApS,DK,Denmark,Region Of Southern Denmark,Nyborg,5800,Lindholm Havnevej,31 2
178,Estel Technologies Private Limited,IN,India,Haryana,Gurugram District,122002,,
179,EUTELSAT S.A.,FR,France,Ile-de-France,Paris,75015,Rue Balard,
18,ADVANCED DIGITAL BROADCAST SA,CH,Switzerland,Geneva,Bellevue,1293,Route De Lausanne,319
180,Ework Group AB (Publ),SE,Sweden,Stockholm County,Stockholm,11121,Mäster Samuelsgatan,60
181,EWORK NORDIC ApS,DK,Denmark,Capital Region Of Denmark,Copenhagen,1609,Axeltorv,2F
182,EWORK GROUP NORWAY AS,NO,Norway,Oslo,Oslo,158,Akersgata,16
183,EXFO Ltd.,FI,Finland,North Ostrobothnia,Oulu,90570,Elektroniikkatie,2 A
184,EXIDE TECHNOLOGIES AS,NO,Norway,Viken,Ullensaker,2040,Dyrskuevegen,3
185,EXPRESS PUBLICATIONS (PVT.) LIMITED,PK,Pakistan,,,,,
186,Extenda Retail AS Avd Oslo,NO,Norway,Vestfold Og Telemark,Tønsberg,3157,Wirgenes Vei,19
187,F5 NETWORKS LIMITED,GB,United Kingdom,England,Chertsey,KT16 8AP,London Street,43-47
188,FACEBOOK IRELAND LIMITED,IE,Ireland,Leinster,Dublin,,,
189,Falck Danmark A/S,DK,Denmark,Capital Region Of Denmark,Copenhagen,2450,Sydhavnsgade,18
19,Advanced Network Solutions Sdn Bhd,MY,Malaysia,Selangor,Shah Alam,40150,,
190,Fastbridge Malaysia Sdn Bhd,MY,Malaysia,Selangor,Petaling Jaya,46100,Jalan 51A/223,
191,Favro Holding AB,SE,Sweden,Uppsala County,Uppsala,75310,Drottninggatan,2
192,Fiberail Sdn. Bhd.,MY,Malaysia,Kuala Lumpur,Kuala Lumpur,58100,Jalan 1/109F,
193,Fibrecomm Network (M) Sdn. Bhd.,MY,Malaysia,Kuala Lumpur,Kuala Lumpur,59200,Jalan Pantai Baharu,
194,DANSK HALON TEKNIK ApS,DK,Denmark,Capital Region Of Denmark,Hillerød,3400,Vølundsvej,17
195,FORM DANMARK ApS,DK,Denmark,Central Denmark Region,Odder Municipality,8300,,
196,SYKES ENTERPRISES NORWAY AS,NO,Norway,Vestland,Bergen,5147,Folke Bernadottes Vei,50
197,GARTNER ADVISORY (SINGAPORE) PTE LTD,SG,Singapore,Central,Singapore,38986,Temasek Boulevard,6
198,GARTNER NORGE AS,NO,Norway,Oslo,Oslo,277,Karenslyst Allé,57
199,GBT TRAVEL SERVICES UK LIMITED,GB,United Kingdom,England,London,E14 5HU,Churchill Place,5
2,3 STEP IT A/S,DK,Denmark,Region Of Southern Denmark,Tønder Municipality,,,
20,ADVANSIA AS,NO,Norway,Oslo,Oslo,283,Lilleakerveien,8
200,Genex Infosys Limited,BD,Bangladesh,Dhaka Division,Dhaka,,,
201,GEO ENTERTAINMENT TELEVISION (PVT.) LIMITED,PK,Pakistan,,,,,
202,GINTEL AS,NO,Norway,Trøndelag,Trondheim,7052,Otto Nielsens Veg,12
203,GLOBALCONNECT A/S,DK,Denmark,Capital Region Of Denmark,Høje-Taastrup Municipality,2630,,
204,Glory Fashions Ltd.,BD,Bangladesh,Dhaka Division,Dhaka,2467,New Airport Road,
205,Goecker Service A/S,DK,Denmark,Capital Region Of Denmark,Copenhagen,2400,Svanevej,24
206,GOGIFT.COM A/S,DK,Denmark,,,,,
207,Google Asia Pacific Pte. Ltd.,SG,Singapore,Central,Singapore,18981,Marina View,8
208,Google Cloud EMEA Limited,IE,Ireland,Leinster,,,,
209,GOOGLE COMMERCE LIMITED,IE,Ireland,,,,,
21,AEGER GROUP AS,NO,Norway,Oslo,Oslo,158,,
210,GOOGLE IRELAND LIMITED,IE,Ireland,Leinster,Dublin 4,D04 R674,Barrow Street,
211,GRAMEENPHONE LTD,BD,Bangladesh,,,,,
212,Grassfish Denmark ApS,DK,Denmark,Central Denmark Region,Aarhus Municipality,8260,Fabrikvej,11b
213,Green Packet Berhad,MY,Malaysia,Selangor,Petaling Jaya,47301,Jalan SS 7/26A,
214,GreenMind A/S,DK,Denmark,Capital Region Of Denmark,Gladsaxe Municipality,2880,Brudelysvej,23
215,grey advertising ( bangladesh) ltd.,BD,Bangladesh,,,,,
216,GSM ASSOCIATION,GB,United Kingdom,England,London,EC4R 3AB,Angel Lane,1
217,"HARBIN COSLIGHT NEW ENERGY CO., LTD.",CN,China,Heilongjiang,Harbin,150078,,
218,HE SIKRING A/S,DK,Denmark,Capital Region Of Denmark,Furesø Municipality,3500,,
219,HELP Forsakring filial,SE,Sweden,,,,,
22,AFFIRMED NETWORKS INC,US,United States,Massachusetts,Acton,1720,Nagog Park,35
220,HELP FORSIKRING AS,NO,Norway,Oslo,Oslo,368,Essendrops Gate,3
221,"HELP FORSIKRING,FILIAL AF HELP FORSIKRING AS, NORGE",DK,Denmark,Capital Region Of Denmark,Copenhagen,1401,Strandgade,12
222,HERM. RASMUSSEN A/S,DK,Denmark,Central Denmark Region,Silkeborg Municipality,8600,,
223,HEST AGENTUR AS,NO,Norway,Oslo,Oslo,461,Maridalsveien,87B
224,HETEK A/S,DK,Denmark,Region Of Southern Denmark,Vejle,7100,Niels Finsensvej,9
225,Hewlett-Packard (M) Sdn Bhd,MY,Malaysia,,,50200,,
226,Hewlett-Packard (Thailand) Ltd.,TH,Thailand,Bangkok,Bangkok,10500,Soi Charoen Krung 32,
227,HEWLETT-PACKARD ApS,DK,Denmark,Capital Region Of Denmark,Lillerød,3450,Engholm Parkvej,8
228,HEWLETT-PACKARD NORGE AS,NO,Norway,Viken,Bærum,1364,Rolfsbuktveien,4F
229,"Hewlett Packard Singapore (Sales) Pte., Ltd.",SG,Singapore,Central,Singapore,109842,Depot Close,1
23,Agg Power Technology (Fuzhou) Co Ltd.,CN,China,Fujian,Fuzhou City,,,
230,HEWLETT-PACKARD SVERIGE AB,SE,Sweden,,,,,
231,"HIGH TOUCH, INC.",US,United States,California,Los Angeles,90064,West Pico Boulevard,10917
232,HOLDSPORT.DK ApS,DK,Denmark,Central Denmark Region,Aarhus,8000,Graven,3B
233,HOPPECKE BATTERIEN GMBH & CO. KG,DE,Germany,,,,,
234,HP INC (THAILAND) COMPANY LIMITED,TH,Thailand,Bangkok,Bang Rak District,10500,,
235,HP INC DANMARK ApS,DK,Denmark,Capital Region Of Denmark,Lillerød,3450,Engholm Parkvej,8
236,HP NORGE AS,NO,Norway,Viken,Bærum,1364,Rolfsbuktveien,4F
237,Hp Pps Sales Sdn. Bhd.,MY,Malaysia,Kuala Lumpur,Kuala Lumpur,50490,Jalan Gelenggang,
238,HP PPS SINGAPORE (SALES) PTE. LTD.,SG,Singapore,Central,Bukit Merah,109842,Depot Close,1
239,HUAWEI INTERNATIONAL PTE. LTD.,SG,Singapore,,,,,
24,AIA Berhad,MY,Malaysia,,Kuala Lumpur,50450,Jalan Ampang,99
240,Huawei Technologies (Bangladesh) Limited.,BD,Bangladesh,,,,,
241,HUAWEI TECHNOLOGIES (DENMARK) ApS,DK,Denmark,Capital Region Of Denmark,Copenhagen,2450,,
242,Huawei Technologies (Malaysia) Sdn. Bhd.,MY,Malaysia,Kuala Lumpur,Kuala Lumpur,50400,Jalan Tun Razak,
243,"HUAWEI TECHNOLOGIES (THAILAND) CO., LTD.",TH,Thailand,Bangkok,Bangkok,10310,,
244,HUAWEI TECHNOLOGIES NORWAY AS,NO,Norway,Viken,Bærum,1364,Rolfsbuktveien,4C
245,HUAWEI TECHNOLOGIES PAKISTAN (PRIVATE) LIMITED,PK,Pakistan,Islamabad Capital Territory,Islamabad,44000,Jinnah Avenue,
246,Huawei Technologies Sweden AB,SE,Sweden,,,,,
247,HUBER+SUHNER A/S,DK,Denmark,Capital Region Of Denmark,Furesø Municipality,3500,,
248,Huber+Suhner AG,CH,Switzerland,Appenzell Ausserrhoden,Herisau,9100,Degersheimerstrasse,14
249,HUBER+SUHNER ELECTRONICS PRIVATE LIMITED,IN,India,Delhi,New Delhi,110001,Tolstoy Marg,1
25,AIG EUROPE S.A. NUF,NO,Norway,Oslo,Oslo,160,Rosenkrantz’ Gate,22
250,Hum Network Limited,PK,Pakistan,Sindh,Saddar Town,74000,,
251,Human Edge Management AG,CH,Switzerland,Basel-City,Basel,4059,Faidostrasse,9
252,Hydro Energi AS,NO,Norway,Oslo,Oslo,283,Drammensveien,264
253,IBM DANMARK A/S,DK,Denmark,,,,,
254,Idemia France SAS,FR,France,,,,,
255,OBERTHUR TECHNOLOGIES NORWAY AS,NO,Norway,Rogaland,Stavanger,4034,Godesetdalen,10
256,"IKANO BANK, FILIAL AF IKANO BANK AB (PUBL), SVERIGE",DK,Denmark,Capital Region Of Denmark,Glostrup,2600,Stationsparken,24
257,Imi Mobile Vas Limited,BD,Bangladesh,,,,,
258,IMIMOBILE EUROPE LIMITED,GB,United Kingdom,England,London,EC1M 4BH,St. John's Lane,5
259,INDEPENDENT MEDIA CORPORATION (PRIVATE) LIMITED.,PK,Pakistan,Sindh,Karachi,74400,I.I. Chundrigar Road,
26,AKTIESELSKABET RODOVRE CENTRUM,DK,Denmark,Capital Region Of Denmark,Rødovre Municipality,2610,Rødovre Centrum,202
260,INFINERA CORPORATION,US,United States,California,San Jose,95119,San Ignacio Avenue,6373
261,INFOMEDIA A/S,DK,Denmark,Capital Region Of Denmark,Copenhagen,1112,,
262,INFOSYS LIMITED,IN,India,Karnataka,Bengaluru,560100,Hosur Road,
263,Ingram Micro Mobility Sweden AB,SE,Sweden,,,,,
264,inlumi ApS,DK,Denmark,Capital Region Of Denmark,Ballerup Municipality,2740,Mileparken,22
265,INSIDER SECURITY PTE. LTD.,SG,Singapore,Central,Singapore,808038,Mimosa Crescent,81
266,INTEGRITY RISK INTERNATIONAL LLC,US,United States,Virginia,Reston,20191,Commerce Park Drive,11440
267,Intouch Insight Inc.,CA,Canada,Ontario,Ottawa,K2K 3H4,March Road,400
268,Intrum Debt Finance AG,CH,Switzerland,Zug,Zoug,6300,Industriestrasse,13c
269,ADVIS A/S,DK,Denmark,Capital Region Of Denmark,Copenhagen,2500,Kirsten Walthers Vej,7
27,ALLEN OVERY SHEARMAN STERLING LLP,GB,United Kingdom,England,London,E1 6AD,Bishops Square,
270,IPG MEDIABRANDS (SINGAPORE) PTE. LTD.,SG,Singapore,,,,,
271,Ipsos Sdn. Bhd.,MY,Malaysia,,,59200,,
272,ISS Facility Services A/S,DK,Denmark,Capital Region Of Denmark,Gladsaxe Municipality,2860,Gyngemose Parkvej,50
273,ISS FACILITY SERVICES AB,SE,Sweden,,,,,
274,ISS FACILITY SERVICES AS,NO,Norway,Oslo,Oslo,195,Smeltedigelen,1
275,ISS GLOBAL A/S,DK,Denmark,Capital Region Of Denmark,Gladsaxe Municipality,2860,Buddingevej,197
276,ITECTRA A/S,DK,Denmark,North Denmark Region,Aalborg Municipality,9200,Sofiendalsvej,85
277,JACK OF DIGITAL (PRIVATE) LIMITED,PK,Pakistan,Sindh,Saddar Town,75500,,
278,AEON DANMARK A/S,DK,Denmark,Region Of Southern Denmark,Vejle,7100,Dianavej,13
279,Jastel Network Co Ltd,TH,Thailand,Nonthaburi Province,Pak Kret City Municipality,11120,,
28,ALTAIR GLOBAL RELOCATION SINGAPORE PTE. LTD.,SG,Singapore,Central,Singapore,68804,Shenton Way,2
280,JLL Corporate Solutions AB,SE,Sweden,,,,,
281,JOB-INDEX A/S,DK,Denmark,Capital Region Of Denmark,Copenhagen,2500,Carl Jacobsens Vej,31
282,JOBSTREET.COM PTE LTD,SG,Singapore,Central,Singapore,78881,Wallich Street,1
283,JOHNSON CONTROLS DENMARK APS,DK,Denmark,Central Denmark Region,Aarhus,8270,Christian X's Vej,201
284,JONES LANG LASALLE PROPERTY CONSULTANTS PTE LTD,SG,Singapore,Southeast,,408533,Paya Lebar Link,1
285,Kahoot! Denmark ApS,DK,Denmark,Capital Region Of Denmark,Copenhagen,1620,Vesterbrogade,1L
286,KAMTOWER DANMARK A/S,DK,Denmark,Capital Region Of Denmark,Copenhagen,1421,3,3
287,KANTAR TNS AS,NO,Norway,Oslo,Oslo,187,Lakkegata,23
288,"Kaon Broadband Co.,Ltd.",KR,South Korea,Gyeonggi,Seongnam-si,,,
289,KERRY FREIGHT PAKISTAN (PRIVATE) LIMITED,PK,Pakistan,,,,,
29,"AMAZON WEB SERVICES, INC.",US,United States,Washington,Seattle,98109,Terry Avenue North,410
290,Kerry Logistics Network Limited,HK,Hong Kong,Hong Kong,Kwai Chung,,Wing Kei Road,55
291,KINLY HOLDING AS,NO,Norway,Rogaland,Stavanger,4033,Kanalsletta,3
292,KINNARPS A/S,DK,Denmark,Capital Region Of Denmark,Brøndby,2605,Roskildevej,522
293,KLM-ROYAL DUTCH AIRLINES Filial av utenlandsk foretak.,NO,Norway,Oslo,Oslo,255,Henrik Ibsens Gate,20
294,KM TELECOM DANMARK A/S,DK,Denmark,Region Of Southern Denmark,Fredericia Municipality,7000,Navervej,12
295,KMD Venture A/S,DK,Denmark,Capital Region Of Denmark,Ballerup,2750,Lautrupparken,40
296,KODA,DK,Denmark,Capital Region Of Denmark,Copenhagen,2100,Lautrupsgade,9
297,KOLEGRUPPEN OST ApS,DK,Denmark,Capital Region Of Denmark,Ishøj Municipality,2635,Broenge,2
298,KOMMANDITAKTIESELSKABET FREDERIKSSUND SHOPPINGCENTER,DK,Denmark,North Denmark Region,Aalborg,9000,Vestre Havnepromenade,7
299,KORN FERRY (UK) LIMITED,GB,United Kingdom,England,London,SW1Y 6QB,Ryder Street,"Ryder Court, 14"
3,3 STEP IT AS,NO,Norway,Oslo,Oslo,167,Wergelandsveien,7
30,AMAZON WEB SERVICES EMEA SARL,LU,Luxembourg,,,,,
300,Kpmg AS Hovedkontor,NO,Norway,Oslo,Oslo,369,,
301,KROLL ASSOCIATES U.K. LIMITED,GB,United Kingdom,England,London,SE1 9SG,London Bridge Street,"The Shard, 32"
302,Kromann Reumert,DK,Denmark,Capital Region Of Denmark,Copenhagen,2100,Sundkrogsgade,5
303,LOXYSOFT AS,NO,Norway,Oslo,Oslo,694,Olaf Helsets Vei,6
304,LEASE PLAN FINANS A/S,DK,Denmark,Capital Region Of Denmark,Brøndby,2605,Midtager,20
305,LeasePlan Sverige AB,SE,Sweden,Stockholm County,Solna,,,
306,LEOCH BATTERY PTE. LTD.,SG,Singapore,Central,Singapore,169608,Hospital Crescent,1
307,LINKEDIN IRELAND UNLIMITED COMPANY,IE,Ireland,Leinster,Dublin 2,D02 F540,Sir John Rogerson's Quay,70
308,LINKEDIN SINGAPORE PTE. LTD.,SG,Singapore,Central,Singapore,189767,Beach Road,38
309,L.M. Ericsson Bangladesh Ltd.,BD,Bangladesh,,,,,
31,"AMAZON WEB SERVICES EMEA SARL, NORWEGIAN BRANCH",NO,Norway,Oslo,Oslo,161,,
310,SCANOPTIK A/S,DK,Denmark,North Denmark Region,Aalborg,9210,Indkildevej,2A
311,LOYALTY AS,NO,Norway,Oslo,Oslo,473,,
312,MAKIO ApS,DK,Denmark,Capital Region Of Denmark,Copenhagen,1127,Hauser Plads,32
313,Manpower Student AB,SE,Sweden,Stockholm County,Solna,16937,Evenemangsgatan,21
314,MANPOWER AS,NO,Norway,Oslo,Oslo,187,Lakkegata,53
315,Mapspeople A/S,DK,Denmark,North Denmark Region,Nørresundby,9400,Stigsborgvej,60
316,MARKEDSSJEFENE AS,NO,Norway,Oslo,Oslo,164,Kristian Augusts Gate,13
317,JLT Denmark A/S,DK,Denmark,Capital Region Of Denmark,Lyngby-Taarbæk Municipality,2830,Teknikerbyen,
318,MARSH & MCLENNAN AGENCIES AS,NO,Norway,Oslo,Oslo,275,,
319,Maven Wireless Sweden AB,SE,Sweden,Stockholm County,Stockholms Kommun,16440,Torshamnsgatan,39
32,AMDOCS DEVELOPMENT LIMITED,CY,Cyprus,Limassol District,Limassol,3085,,
320,MAVENIR SYSTEMS AB,SE,Sweden,Stockholm County,Solna,16941,Garvis Carlssons Gata,141
321,MAVENIR SYSTEMS LIMITED,GB,United Kingdom,England,Reading,RG2 6DH,Reading International Business Park,
322,MAVENIR SYSTEMS UK LIMITED,GB,United Kingdom,England,Reading,RG2 6DH,Reading International Business Park,
323,Measat Satellite Systems Sdn. Bhd.,MY,Malaysia,Selangor,Sepang,63000,,
324,Media Times Limited,PK,Pakistan,Punjab,Lahore District,,,
325,MEISEL EIENDOM AS,NO,Norway,Viken,Lier,3414,Husebysletta,39
326,META PLATFORMS IRELAND LIMITED,IE,Ireland,Leinster,,,,
327,MICROSOFT IRELAND OPERATIONS LIMITED,IE,Ireland,Leinster,Dublin,D02 F540,Sir John Rogerson's Quay,70
328,MICROSOFT NORGE AS,NO,Norway,Oslo,Oslo,194,Dronning Eufemias Gate,71
329,MICROSOFT REGIONAL SALES PTE. LTD.,SG,Singapore,Central,Singapore,48624,Raffles Place,80
33,"American Express Europe Denmark, filial af American Express Europe S.A., Spanien",DK,Denmark,Capital Region Of Denmark,Copenhagen,2300,,
330,ABC KANTINEAUTOMATER ApS,DK,Denmark,Capital Region Of Denmark,Høje-Taastrup Municipality,2630,,
331,NW GRUPPEN A/S,DK,Denmark,Central Denmark Region,Hedensted,8722,Snedkervej,5
332,"MIXPANEL, INC.",US,United States,California,San Francisco,94111,Front Street,
333,MNEMONIC AS,NO,Norway,Oslo,Oslo,255,Henrik Ibsens Gate,100
334,MobilePeople ApS,DK,Denmark,Capital Region Of Denmark,Herlev Municipality,2730,,
335,"MOBILEUM, INC.",US,United States,California,Cupertino,95014,Stevens Creek Boulevard,20813
336,MODULEX DANMARK A/S,DK,Denmark,Region Of Southern Denmark,Billund,7190,,
337,Monday. Kum Ltd.,IL,Israel,Tel Aviv District,Tel Aviv-Yafo,,,
338,Mustika Teratai Sdn. Bhd.,MY,Malaysia,Johor,Johor Bahru,81100,,
339,NAGARRO AS,NO,Norway,Oslo,Oslo,153,Kongens Gate,14
34,American Express Europe SA (Norway),NO,Norway,Oslo,Oslo,191,Dronning Eufemias Gate,16
340,NAGARRO ENTERPRISE SERVICES PRIVATE LIMITED,IN,India,Delhi,Punjabi Bagh,110026,,
341,NEC CORPORATION,JP,Japan,Tokyo,Tokyo,,,
342,NEC CORPORATION OF MALAYSIA SDN. BHD.,MY,Malaysia,Kuala Lumpur,Kuala Lumpur,,,
343,NEC Scandinavia Aktiebolag,SE,Sweden,Stockholm County,Stockholms Kommun,,,
344,NEMTILMELD.DK ApS,DK,Denmark,North Denmark Region,Nørresundby,9400,Strømmen,6
345,Nepa AB,SE,Sweden,Stockholm County,Stockholm,11853,Maria Skolgata,83
346,NERAS DIREKTE AS,NO,Norway,Viken,Drammen,3015,Ole Steens Gate,10
347,Nestor Cables Oy,FI,Finland,North Ostrobothnia,Oulu,90620,Mittarikuja,5
348,NET ONE ASIA PTE. LTD.,SG,Singapore,Central,Singapore,369546,Irving Place,1
349,NETIC A/S,DK,Denmark,North Denmark Region,Aalborg,9220,Alfred Nobels Vej,25
35,ANALYSYS MASON AS,NO,Norway,Oslo,Oslo,252,,
350,NETS DANMARK A/S,DK,Denmark,Capital Region Of Denmark,Ballerup,2750,Klausdalsbrovej,601
351,New Skies Satellites B.V.,NL,Netherlands,South Holland,The Hague,2517 KR,Rooseveltplantsoen,4
352,NEWS PUBLICATIONS (PRIVATE) LIMITED,PK,Pakistan,Sindh,Karachi,72500,I.I. Chundrigar Road,
353,NEXCOM A/S,DK,Denmark,Capital Region Of Denmark,Copenhagen,1260,Bredgade,23B
354,NOITSO A/S,DK,Denmark,Capital Region Of Denmark,Copenhagen,2500,Krumtappen,4
355,Nokia Innovations Oy,FI,Finland,Uusimaa,Espoo,2610,Karakaari,7
356,NOKIA SERVICES AND NETWORKS MALAYSIA SDN. BHD.,MY,Malaysia,,,,,
357,NOKIA SOLUTIONS AND NETWORKS NORGE AS,NO,Norway,Viken,Bærum,1364,Martin Linges Vei,25
358,Nokia Solutions and Networks Oy,FI,Finland,Uusimaa,Espoo,2610,Karakaari,7
359,"NORDEA BANK ABP, FILIAL I NORGE",NO,Norway,Oslo,Oslo,368,Essendrops Gate,7
36,MASON SITE FINDER LIMITED,GB,United Kingdom,England,Salford,M5 3EF,Exchange Quay,5
360,NORDIC COMPUTER A/S,DK,Denmark,North Denmark Region,Nørresundby,9400,Strømmen,2
361,NORDIX DATA AS,NO,Norway,Troms Og Finnmark,Tromsø,9019,Sykehusvegen,23
362,DMA Research A/S,DK,Denmark,Capital Region Of Denmark,Copenhagen,1150,,
363,NORWEGIAN AIR SHUTTLE AS (PS),NO,Norway,Viken,Ullensaker,2060,Fridtjof Nansens Veg,
364,NOVATARIS A/S,DK,Denmark,Capital Region Of Denmark,Copenhagen,1051,Nyhavn,43
365,Ntt (Thailand) Ltd,TH,Thailand,Bangkok,Bangkok,10500,,
366,NTT ASIA PACIFIC HOLDINGS PTE. LIMITED,SG,Singapore,Central,Singapore,339509,Kallang Avenue,8
367,NTT DATA Business Solutions Korlatolt Felelossegu Tarsasag,HU,Hungary,Central Hungary,Budapest,1117,Infopark (Pázmány Péter Sétány),1
368,ITELLIGENCE A/S,DK,Denmark,,,,,
369,Ntt Malaysia Solutions Sdn. Bhd.,MY,Malaysia,Selangor,Petaling Jaya,47800,First Avenue,1
37,ANDCO A/S,DK,Denmark,Capital Region Of Denmark,Copenhagen,1304,Adelgade,12
370,Ntt Msc Sdn. Bhd.,MY,Malaysia,Selangor,Petaling Jaya,47800,First Avenue,1
371,OCH A/S,DK,Denmark,Capital Region Of Denmark,Copenhagen,2300,,
372,OK A.M.B.A.,DK,Denmark,Central Denmark Region,Aarhus Municipality,8260,Åhave Parkvej,11
373,Omd (M) Sdn. Bhd.,MY,Malaysia,Selangor,Petaling Jaya,47400,Jalan SS 21/60,21/37
374,OMD AS,NO,Norway,Oslo,Oslo,273,,
375,Media Direction A/S,DK,Denmark,Capital Region Of Denmark,Copenhagen,2100,Midtermolen,3
376,OMEGA EXIM LIMITED,BD,Bangladesh,Dhaka Division,Dhaka Metropolitan,1215,Kawran Bazar FDC Road,8
377,OMNICOM MEDIA GROUP AS,NO,Norway,Oslo,Oslo,273,,
378,OMNICOM MEDIA GROUP ASIA PACIFIC PTE. LTD.,SG,Singapore,Southwest,Queenstown,138565,,
379,ON THE SPOT A/S,DK,Denmark,Capital Region Of Denmark,Copenhagen,2300,Strandlodsvej,6A
38,Annalect Denmark A/S,DK,Denmark,Capital Region Of Denmark,Copenhagen,2100,Midtermolen,3
380,ONETRUST TECHNOLOGY LIMITED,GB,United Kingdom,England,London,EC1M 4JN,St. John Street,82
381,Oracle Corporation (Thailand) Co Ltd,TH,Thailand,Bangkok,Bang Rak District,10500,,
382,Oracle Corporation Malaysia Sdn. Bhd.,MY,Malaysia,,,59200,,
383,ORACLE DANMARK APS,DK,Denmark,,,,,
384,ORACLE NORGE AS,NO,Norway,Viken,Bærum,1366,,
385,ORACLE SVENSKA AB,SE,Sweden,,,,,
386,Orbis Oy,FI,Finland,Uusimaa,Vantaa,1610,Vanha Kaarelantie,9
387,OROGENIC ApS,DK,Denmark,Region Of Southern Denmark,Vejle,7100,Stiftsvej,9
388,"ORRICK, HERRINGTON & SUTCLIFFE (UK) LLP",GB,United Kingdom,England,London,EC2V 6DN,Cheapside,107
389,P1 SECURITY,FR,France,Ile-de-France,Paris,75001,Rue Saint-Honoré,231
39,Anne Mette Lund,DK,Denmark,Region Of Southern Denmark,Haderslev,6100,Bispegade,2026-08-01 00:00:00
390,"Paco Casa Co.,Ltd.",TH,Thailand,Bangkok,Bang Kapi District,10310,Soi Ramkhamhaeng 24 Yaek 28,506/20
391,PAKISTAN INSTITUTE OF NUCLEAR SCIENCE & TECHNOLOGY (PINSTECH),PK,Pakistan,Islamabad Capital Territory,Islamabad,44000,,
392,PARENT AND FAMILY CONSULTING LIMITED,GB,United Kingdom,England,London,N1 9PF,White Lion Street,95
393,PELATRO LIMITED,GB,United Kingdom,England,London,SE26 4NG,Mount Gardens,Oak House
394,Varsta Software,FI,Finland,Pirkanmaa,Tampere,33210,Polttimonkatu,3
395,PING IT A/S,DK,Denmark,North Denmark Region,Aalborg Municipality,9200,Vandmanden,24
396,Playable ApS,DK,Denmark,Central Denmark Region,Aarhus,8200,Tueager,1
397,PLESNER Advokatpartnerselskab,DK,Denmark,Capital Region Of Denmark,Copenhagen,2100,Amerika Plads,37
398,PLP INVEST/EJENDOMME A/S,DK,Denmark,Region Of Southern Denmark,Odense Kommune,5230,,
399,"PLURALSIGHT, LLC",US,United States,Utah,Draper,84020,Future Way,42
4,3 Step IT Sweden AB,SE,Sweden,Östergötland County,Linköping,58115,,
40,ANRITSU A/S,DK,Denmark,Capital Region Of Denmark,Copenhagen,2300,,
400,PM ENERGI A/S,DK,Denmark,North Denmark Region,Brønderslev,9700,Østergade,134
401,Postnord Danmark (B2452),DK,Denmark,Capital Region Of Denmark,Copenhagen,2450,Vestre Teglgade,15
402,POSTEN BRING AS,NO,Norway,Oslo,Oslo,185,Biskop Gunnerus’ Gate,14A
403,DATA SCANNING A/S,DK,Denmark,Capital Region Of Denmark,Copenhagen,2300,Hedegaardsvej,88
404,PostNord Stralfors AB,SE,Sweden,Kronoberg County,Ljungby,34133,Helsingborgsvägen,20
405,PRICEWATERHOUSECOOPERS STATSAUTORISERET REVISIONSPARTNERSELSKAB,DK,Denmark,Capital Region Of Denmark,Copenhagen,2900,Strandvejen,44
406,PRICEWATERHOUSECOOPERS AS,NO,Norway,Oslo,Oslo,194,Dronning Eufemias Gate,71
407,PROPAKISTANI SOLUTIONS (PRIVATE) LIMITED,PK,Pakistan,,,,,
408,DRAKA NORSK KABEL AS,NO,Norway,Viken,Drammen,3013,Kjerraten,16
409,Publicis Groupe Holdings B.V.,NL,Netherlands,,,,,
41,Aon Assessment Denmark A/S,DK,Denmark,Capital Region Of Denmark,Copenhagen,1401,Strandgade,4
410,QCC GLOBAL LIMITED,GB,United Kingdom,England,Wells,BA5 2AA,High Street,9
411,QCC INTERSCAN LTD,GB,United Kingdom,England,Wells,BA5 2AA,High Street,9
412,QLIKTECH DENMARK ApS,DK,Denmark,Capital Region Of Denmark,Copenhagen,2100,,
413,QlikTech International Markets AB,SE,Sweden,,,,,
414,QlikTech Nordic AB,SE,Sweden,,,,,
415,"QUALTRICS, LLC",US,United States,Oregon,,,,
416,QUESTBACK AS,NO,Norway,Oslo,Oslo,366,Bogstadveien,54
417,Radio Frequency Systems Gesellschaft mit beschrankter Haftung,DE,Germany,Lower Saxony,Hanover,30179,Kabelkamp,20
418,RAJAH & TANN,SG,Singapore,Central,Singapore,49908,Battery Road,9
419,RAPID7 INTERNATIONAL LIMITED,GB,United Kingdom,England,London,EC4R 3TT,Swan Lane,"Riverbank House, 2"
42,AON NORWAY AS,NO,Norway,Oslo,Oslo,161,Stortingsgata,6
420,Red Hat Asia Pacific Pte Ltd,SG,Singapore,Central,Singapore,68898,Robinson Road,80
421,RED HAT LIMITED,IE,Ireland,Munster,Cork,,,
422,Red Hat Malaysia Sdn. Bhd.,MY,Malaysia,,,59200,,
423,RELOCATION AS,NO,Norway,Rogaland,Stavanger,4014,,
424,RETAIL FOCUS A/S,DK,Denmark,Capital Region Of Denmark,Kongens Lyngby,2800,Gammel Lundtoftevej,1e 2
425,REVEALCX LLC,US,United States,Delaware,New Castle,,,
426,Rezponz A/S,DK,Denmark,North Denmark Region,Aalborg,9000,Kristinevej,2
427,Rhenus Warehousing Solutions Denmark A/S,DK,Denmark,Central Denmark Region,Horsens,8700,Egeskovvej,15
428,RITTAL A/S,DK,Denmark,Capital Region Of Denmark,Vallensbæk Municipality,2665,Delta Park,37
429,RTTD LTD,GB,United Kingdom,England,London,W1B 3HH,Regent Street,207
43,APPDYNAMICS UK LTD,GB,United Kingdom,England,London,SE1 3TQ,Bermondsey Street,194-204
430,BRINTH & HILLERUP A/S,DK,Denmark,Central Denmark Region,Aarhus,8000,Mariane Thomsens Gade,2E
431,SAGEMCOM BROADBAND SAS,FR,France,Ile-de-France,Rueil-Malmaison,92500,Route De L'Empereur,250
432,"SAILPOINT TECHNOLOGIES, INC.",US,United States,Kentucky,,,,
433,SALESFORCE UK LIMITED,GB,United Kingdom,England,London,EC2N 4AY,Bishopsgate,110
434,SALESFORCE.COM SINGAPORE PTE. LTD.,SG,Singapore,Central,Singapore,38985,Temasek Boulevard,5
435,Salling Group Forsikring A/S,DK,Denmark,Central Denmark Region,Aarhus Municipality,8220,Rosbjergvej,33
436,Saluran Cekap (M) Sdn. Bhd.,MY,Malaysia,Selangor,Ampang Jaya Municipal Council,68000,Medan Bukit Indah 3,3
437,SAMSUNG ELECTRONICS NORDIC AKTIEBOLAG,SE,Sweden,Stockholm County,Stockholms Kommun,16428,Torshamnsgatan,27
438,SANVARU TECHNOLOGY LIMITED,IN,India,Haryana,Sonipat,131028,,
439,SAP DANMARK A/S,DK,Denmark,Capital Region Of Denmark,Copenhagen,2100,Lautrupsgade,11
44,APPLE DISTRIBUTION INTERNATIONAL LIMITED,IE,Ireland,,,,,
440,SAS INSTITUTE AS,NO,Norway,Oslo,Oslo,256,Parkveien,55
441,SAVILLE CONSULTING DANMARK A/S,DK,Denmark,Capital Region Of Denmark,Rudersdal Municipality,,,
442,SCHNEIDER ELECTRIC DANMARK A/S,DK,Denmark,Capital Region Of Denmark,Ballerup,2750,Baltorpbakken,14
443,Scrive AB,SE,Sweden,,,,,
444,ServiceNow Nederland B.V.,NL,Netherlands,North Holland,Amsterdam,1102 BR,Hoekenrode,3
445,SFDC IRELAND LIMITED,IE,Ireland,Leinster,Dublin,D06 K2F3,Belgrave Square North,60
446,"SHANDONG SACRED SUN POWER SOURCES CO., LTD",CN,China,Shandong,Qufu,273100,,
447,"SHENZHEN CENTER POWER TECH. CO., LTD.",CN,China,Guangdong Province,Shenzhen,518120,,
448,"Shenzhen Huaptec Co., Ltd",CN,China,Guangdong Province,Shenzhen,518100,Hangcheng Boulevard,
449,"Shenzhen Sdmc Technology Co., Ltd",CN,China,Guangdong Province,Shenzhen,,,
45,APPLE DISTRIBUTION INTERNATIONAL LIMITED,IE,Ireland,Munster,Cork,,,
450,"SHENZHEN SKYWORTH DIGITAL TECHNOLOGY CO., LTD.",CN,China,Guangdong Province,Shenzhen,518057,,
451,SHIELDS ENVIRONMENTAL GROUP LTD,GB,United Kingdom,England,South Ockendon,RM15 4YE,Kerry Avenue,
452,"Shuangdeng Group Co., Ltd.",CN,China,Jiangsu,Taizhou,225300,West Tonggang Road,
453,Siae Microelettronica Sdn. Bhd.,MY,Malaysia,Selangor,Petaling Jaya,47800,,
454,Siae-microelettronica - S.p.a.,IT,Italy,Lombardy,Cinisello Balsamo,20092,Via Panfilo Castaldi,8
455,Sievo Oy,FI,Finland,Uusimaa,Helsinki,100,Mikonkatu,15 a
456,SIGNICAT AS,NO,Norway,Trøndelag,Trondheim,7042,Beddingen,16
457,SILLEHOVED ApS,DK,Denmark,Region Zealand,Odsherred Municipality,4500,Algade,42
458,SINGTEL GLOBAL INVESTMENT PTE. LTD.,SG,Singapore,Central,Singapore,239732,Exeter Road,31
459,SiPM,BE,Belgium,Limburg,Hasselt,3500,Koning Boudewijnlaan,20A
46,Apple Malaysia Sdn. Bhd.,MY,Malaysia,Kuala Lumpur,Kuala Lumpur,50470,Jalan Stesen Sentral,2
460,Skillpower Services (Thailand) Co Ltd,TH,Thailand,Bangkok,Yan Nawa District,10500,,
461,SKYCALL AS,NO,Norway,Viken,Bærum,1366,Strandveien,13
462,Smart Media4U Technology Pte. Ltd.,SG,Singapore,Central,Singapore,68815,Shenton Way,6A
463,SMART TECHNOLOGIES (BD) LIMITED,BD,Bangladesh,Dhaka Division,Dhaka,1216,Begum Rokeya Sharani,205/1/a
464,Smartly.io Holding Inc,FI,Finland,Uusimaa,Helsinki,100,,
465,SNOW SOFTWARE AB,SE,Sweden,,,,,
466,Snow Software ApS,DK,Denmark,Capital Region Of Denmark,Gladsaxe Municipality,2860,Gyngemose Parkvej,50
467,SNOW AS,NO,Norway,Viken,Bærum,1369,Hammerstadveien,1
468,"SoftwareONE Co., Ltd.",TH,Thailand,Bangkok,Pathum Wan,10330,Witthayu Road,1402
469,SOFTWAREONE NORWAY AS,NO,Norway,Oslo,Oslo,667,Brynsveien,18E
47,Apple South Asia (Thailand) Co Ltd,TH,Thailand,Bangkok,Bangkok,10330,Rama I Road,
470,SOFTWAREONE PTE. LTD.,SG,Singapore,Central,Singapore,189720,Beach Road,150
471,SONY MOBILE COMMUNICATIONS AB,SE,Sweden,Skåne County,Lund,22362,Mobilvägen,4
472,South Pole Sweden AB,SE,Sweden,Stockholm County,Stockholm,11143,Kungsgatan,8
473,Southern Cable Sdn. Bhd.,MY,Malaysia,Kedah,Kuala Ketil,9300,,
474,Splunk Inc.,US,United States,Mississippi,,,,
475,SPORTS STAR INTERNATIONAL (PRIVATE) LTD.,PK,Pakistan,,,,,
476,SQUARETRADE EUROPE LIMITED,MT,Malta,Central Region,Birkirkara,,,
477,SQUARETRADE LIMITED,GB,United Kingdom,England,London,W1F 9BS,Golden Square,
478,Starcom FZ-LLC,AE,United Arab Emirates,Dubai,,,,
479,STARSEED TECHNOLOGIES (S) PTE. LTD.,SG,Singapore,Southeast,Geylang,408564,Ubi Crescent,10
48,ARELION NORWAY AS,NO,Norway,Oslo,Oslo,277,Drammensveien,
480,Stena Recycling Holding AB,SE,Sweden,Västra Götaland County,Gothenburg,40040,,
481,STORM COMMUNICATIONS AS,NO,Norway,Oslo,Oslo,256,Inkognitogata,33A
482,SUBEX (ASIA PACIFIC) PTE. LIMITED,SG,Singapore,,,,,
483,SUBEX (UK) LIMITED,GB,United Kingdom,England,Harrow,HA1 1JU,St. Anns Road,"Rama Apartments, 17"
484,Sutera Utama Sdn. Bhd.,MY,Malaysia,Johor,Johor Bahru,81100,,
485,Swichtec Power Systems Sdn. Bhd.,MY,Malaysia,Selangor,Shah Alam,40150,,
486,Syarikat Takaful Malaysia Keluarga Berhad,MY,Malaysia,Kuala Lumpur,Kuala Lumpur,50000,Jalan Sultan Sulaiman,
487,"SYNIVERSE COMMUNICATIONS, LLC",US,United States,Florida,Tampa,33647,Highwoods Preserve Parkway,8125
488,Systems Limited,PK,Pakistan,Punjab,Jindra Kalan,,,
489,Systemteknik af 2021 A/S,DK,Denmark,North Denmark Region,Nørresundby,9400,Sundsholmen,3
49,Arelion AB,SE,Sweden,Stockholm County,Stockholm,11433,Lidingövägen,
490,T/A POL AS,NO,Norway,Oslo,Oslo,164,Kristian Augusts Gate,5
491,TALEND SINGAPORE PTE. LTD.,SG,Singapore,Central,Singapore,39190,Temasek Avenue,3
492,Talend Sweden AB,SE,Sweden,Stockholm County,Stockholm,11157,Sergels Torg,12
493,Talentech ApS,DK,Denmark,Capital Region Of Denmark,Copenhagen,1123,Gothersgade,14
494,TAMPNET AS,NO,Norway,Rogaland,Stavanger,4020,,
495,Tata Communications International Pte. Ltd.,SG,Singapore,Central,Singapore,68815,Shenton Way,5
496,TATA COMMUNICATIONS INTERNATIONAL PTE. LTD.,SG,Singapore,Southeast,Singapore,539775,Tai Seng Street,18
497,"TATA CONSULTANCY SERVICES LIMITED, FILIAL AF TATA CONSULTANCY SERVICES LTD.,INDIEN",DK,Denmark,Capital Region Of Denmark,Copenhagen,1560,Kalvebod Brygge,45
498,TATA CONSULTANCY SERVICES SVERIGE AB,SE,Sweden,,,,,
499,TCT MOBILE INTERNATIONAL LTD.,HK,Hong Kong,Hong Kong,Hong Kong Island,,,
5,"3DEGREES GROUP, INC.",US,United States,California,San Francisco,94104,Montgomery Street,235
50,ARY COMMUNICATIONS LIMITED,PK,Pakistan,Sindh,Karachi,75530,Abdullah Haroon Road,
500,TD SYNNEX Denmark ApS,DK,Denmark,Central Denmark Region,Viborg Municipality,9632,Hovedvejen,1
501,TEALIUM INC.,US,United States,California,San Diego,92121,Torreyana Road,11095
502,"TEAM INTERNATIONAL SERVICES, INC.",US,United States,Florida,Lake Mary,32746,,
503,TECH MAHINDRA (THAILAND) COMPANY LIMITED,TH,Thailand,,,,,
504,Tech Mahindra Ict Services (Malaysia) Sdn. Bhd.,MY,Malaysia,Selangor,Cyberjaya,63000,Persiaran APEC,lot 12122
505,Tecnotree Oyj,FI,Finland,Uusimaa,Espoo,2150,Tekniikantie,14
506,TELECOM EQUIPMENT PTE LTD,SG,Singapore,Central,Singapore,239732,Exeter Road,31
507,Telekom Malaysia Berhad,MY,Malaysia,Kuala Lumpur,Kuala Lumpur,50603,Jalan Pantai Baharu,
508,TELENOR SHARED SERVICES DENMARK A/S,DK,Denmark,North Denmark Region,Aalborg,9000,Skelagervej,9
509,TELENOR ASA,NO,Norway,Viken,Bærum,1360,,
51,"Ascio Technologies, Corp. Danmark - Filial af Ascio Technologies Corp. Canada",DK,Denmark,Capital Region Of Denmark,Gentofte Municipality,2900,Tuborg Boulevard,3
510,TELENOR BROADCAST HOLDING AS,NO,Norway,Viken,Bærum,1360,,
511,Telenor Connexion AB,SE,Sweden,Stockholm County,Solna,,,
512,TELENOR D.O.O. BEOGRAD,RS,Serbia,City Of Belgrade,Belgrade,11070,Омладинских Бригада,90
513,TELENOR DANMARK HOLDING A/S,DK,Denmark,Capital Region Of Denmark,Copenhagen,2450,Frederikskaj,8
514,TELENOR DIGITAL AS,NO,Norway,Viken,Bærum,1360,,
515,TELENOR FIBER AS,NO,Norway,Viken,Bærum,1360,,
516,TELENOR GLOBAL SHARED SERVICES PAKISTAN (PRIVATE) LIMITED,PK,Pakistan,Islamabad Capital Territory,Islamabad,,,
517,TELENOR GO PTE. LTD.,SG,Singapore,Central,Singapore,78881,Wallich Street,1
518,TELENOR LDI COMMUNICATIONS (PVT.) LIMITED,PK,Pakistan,Islamabad Capital Territory,Islamabad,44000,Markaz Road,
519,TELENOR GLOBAL SERVICES AS,NO,Norway,Viken,Bærum,1360,,
52,ASIAINFO DENMARK ApS,DK,Denmark,Capital Region Of Denmark,Copenhagen,2100,,
520,Telenor Magyarorszag Zrt.,HU,Hungary,Pest,Törökbálint,2045,Pannon Út,1
521,TELENOR NORGE AS,NO,Norway,Viken,Bærum,1360,,
522,TELENOR PAKISTAN,PK,Pakistan,Islamabad Capital Territory,Islamabad,,,
523,TELENOR PROCUREMENT COMPANY PTE. LTD.,SG,Singapore,Central,Singapore,78881,Wallich Street,1
524,TELENOR REAL ESTATE AS,NO,Norway,Viken,Bærum,1360,,
525,Telenor Shared Services AS,NO,Norway,Viken,Bærum,1360,,
526,TELENOR SOFTWARE LAB AS,NO,Norway,Viken,Bærum,1360,,
527,TELENOR SVALBARD AS,NO,Norway,,,,,
528,TELETEAMET A/S,DK,Denmark,Region Of Southern Denmark,Odense Kommune,5250,Holkebjergvej,56a
529,Teliti Teknik Sdn Bhd,MY,Malaysia,Selangor,Shah Alam,40160,,
53,Atea A/S,DK,Denmark,Capital Region Of Denmark,Ballerup,2750,Lautrupvang,6
530,Textilia Group A/S,DK,Denmark,Capital Region Of Denmark,Egedal Municipality,2765,Kongebakken,1
531,Thailife Insurance Public Company Limited,TH,Thailand,Bangkok,Bangkok,10400,Ratchadaphisek Road,1
532,SETEC CARD A/S,DK,Denmark,Capital Region Of Denmark,Ballerup,2750,Industriparken,39
533,GEMALTO NORGE AS,NO,Norway,Oslo,Oslo,377,Hoffsveien,70C
534,Thales DIS Sweden AB,SE,Sweden,Stockholm County,Stockholm,12615,,
535,TIETOEVRY NORWAY AS,NO,Norway,Viken,Bærum,1360,,
536,TIETOEVRY TECH SERVICES NORWAY AS,NO,Norway,Viken,Bærum,1360,Snarøyveien,30A
537,TINEX GROUP AS,NO,Norway,Oslo,Oslo,668,Verkseier Furulunds Vei,1
538,Tm Technology Services Sdn. Bhd.,MY,Malaysia,Kuala Lumpur,Kuala Lumpur,50603,Jalan Pantai Baharu,
539,Tongyu Communication Inc.,CN,China,Guangdong Province,Guzhen,528421,Caosan Gongye Avenue Middle East 2nd Road,
54,ATEA AS,NO,Norway,Oslo,Oslo,579,Karvesvingen,5
540,Tp Link International Ltd.,HK,Hong Kong,Hong Kong,Kowloon,0,Science Museum Road,9
541,TPM DATA ApS,DK,Denmark,Capital Region Of Denmark,Smørumnedre,2765,Rendebæksvej,19
542,"Tradium, Erhvervsskole og - gymnasier, Randers S/I",DK,Denmark,Central Denmark Region,Randers,8900,Vester Alle,26
543,TRANSMODE SYSTEMS AB,SE,Sweden,Stockholm County,Stockholm,,,
544,TREND MICRO (SINGAPORE) PTE. LTD.,SG,Singapore,Central,Singapore,38986,Temasek Boulevard,6
545,Trifork A/S,DK,Denmark,Central Denmark Region,Aarhus,8200,Dyssen,1
546,True Move H Universal Communication Co Ltd,TH,Thailand,Bangkok,Bangkok,10310,Ratchadaphisek Road,18
547,TRUSTZONE A/S,DK,Denmark,Capital Region Of Denmark,Copenhagen,2300,Islands Brygge,41
548,TT DOTCOM SDN. BHD.,MY,Malaysia,Selangor,Shah Alam,40150,,
549,TT-NETVAERKET P/S,DK,Denmark,Capital Region Of Denmark,Copenhagen,2300,Amager Strandvej,60
55,Atea Sverige AB,SE,Sweden,Stockholm County,Stockholms Kommun,11129,,
550,TUTELA TECHNOLOGIES LTD.,CA,Canada,British Columbia,Victoria,V8W 1H8,Fort Street,838
551,TXO SYSTEMS LTD,GB,United Kingdom,Wales,Chepstow,NP16 6UP,Newhouse Farm Industrial Estate,Unit 3
552,UIPATH SRL,RO,Romania,Bucharest,Bucharest,,,
553,Unit Trust Of Pakistan,PK,Pakistan,Sindh,Saddar Town,75600,,
554,"UNITED INFORMATION HIGHWAY CO., LTD.",TH,Thailand,Bangkok,Chatuchak District,10900,Kamphaeng Phet 6 Road,
555,Ur Consult ApS,DK,Denmark,Capital Region Of Denmark,Kongens Lyngby,2830,Olesvej,8
556,UTEL AS,NO,Norway,Agder,Grimstad,4879,Jon Lilletuns Vei,1
557,VANTIVA TECHNOLOGIES,FR,France,Ile-de-France,Paris,75015,Boulevard De Grenelle,10
558,Vertiv (Malaysia) Sdn. Bhd.,MY,Malaysia,Selangor,Petaling Jaya,46200,,
559,"VERTIV (THAILAND) CO., LTD.",TH,Thailand,Bangkok,Chatuchak,10900,,
56,NP Investment A/S,DK,Denmark,Capital Region Of Denmark,Hillerød,3400,Kongens Vænge,8
560,Vertiv Energy Private Limited,IN,India,Maharashtra,Thane,400604,Wagle Circle,
561,VERTIV (SINGAPORE) PTE. LTD.,SG,Singapore,Southeast,Singapore,556741,Lorong Chuan,151
562,Viaplay Group AB (publ),SE,Sweden,Stockholm County,Stockholm,10462,,
563,VIRTUAL WORLD (PVT.) LIMITED,PK,Pakistan,,,,,
564,MV-NORDIC A/S,DK,Denmark,Region Of Southern Denmark,Odense Kommune,5000,Edisonsvej,4
565,VOXOGO ApS,DK,Denmark,Capital Region Of Denmark,Copenhagen,1306,Kronprinsessegade,36
566,WATCHDATA TECHNOLOGIES PTE LTD,SG,Singapore,Central,Singapore,49317,Collyer Quay,11
567,WATEEN SOLUTIONS (PVT.) LIMITED,PK,Pakistan,Punjab,Lahore,,,
568,Waystream AB,SE,Sweden,Stockholm County,Stockholms Kommun,16421,Färögatan,33
569,WIDEROE AS,NO,Norway,Nordland,Bodø,8003,Langstranda,6
57,ATREBO SL,ES,Spain,Andalusia,Guillena,41219,Carretera Gijón A Puerto De Sevilla,9
570,Wilke Markedsanalyse A/S,DK,Denmark,Region Of Southern Denmark,Odense Kommune,5000,,
571,WIPRO LIMITED,IN,India,Karnataka,Doddakannelli,560035,Sarjapura Road,"12, Doddakannelli Varthur Hobli, 83, Off Sarjapur Road, Kaikondrahalli"
572,WIPRO LIMITED (SINGAPORE BRANCH),SG,Singapore,Central,Singapore,89837,Cantonment Road,31
573,Wire & Wireless Co Ltd,TH,Thailand,Amnat Charoen Province,Huai,,,
574,WOODLANDS TRANSPORT SOLUTIONS PTE. LTD.,SG,Singapore,Southeast,Singapore,408727,Ubi Road 1,61
575,WORKDAY LIMITED,IE,Ireland,Leinster,Dublin,D07 RR82,May Lane,
576,WTW REAL ESTATE SDN. BHD.,MY,Malaysia,Kuala Lumpur,Kuala Lumpur,57000,Bulatan Inovasi,
577,XIT SOFTWARE ApS,DK,Denmark,Capital Region Of Denmark,Gentofte Municipality,2900,,
578,Yangtze Optical Fibre And Cable Joint Stock Ltd.,CN,China,Hubei,Wuhan,430073,,
579,YINDA TECHNOLOGY (THAILAND) COMPANY LIMITED,TH,Thailand,,,,,
58,AV CENTER AALBORG ApS,DK,Denmark,North Denmark Region,Nørresundby,9400,Stenholm,1
580,ZALARIS HR SERVICES DANMARK A/S,DK,Denmark,Capital Region Of Denmark,Høje-Taastrup Municipality,2630,Høje Taastrup Vej,1 h
581,Zalaris HR Services Finland Oy,FI,Finland,,,,,
582,ZALARIS HR SERVICES NORWAY AS,NO,Norway,Nordland,Lødingen,8410,,
583,Zalaris HR Services Sverige AB,SE,Sweden,Stockholm County,Solna,,,
584,ZENDATA ApS,DK,Denmark,Capital Region Of Denmark,Ølstykke,3650,Svalehøjvej,30
585,ZHONGXING TELECOM PAKISTAN (PRIVATE) LIMITED,PK,Pakistan,,,,,
586,ZIFF DAVIS IRELAND LIMITED,IE,Ireland,Leinster,Dublin 2,D02 VK60,Sir John Rogerson's Quay,
587,Zte (Malaysia) Corporation Sdn. Bhd.,MY,Malaysia,Kuala Lumpur,Kuala Lumpur,50400,Jalan Tun Razak,18-04
588,Zte (Thailand) Co Ltd,TH,Thailand,Bangkok,Sathon District,10120,,
589,Zte Corporation,CN,China,Guangdong Province,Shenzhen,518057,,
59,aviat networks bangladesh ltd.,BD,Bangladesh,,,,,
590,Z.T.E. CORPORATION BANGLADESH LTD.,BD,Bangladesh,Dhaka Division,Dhaka,1213,Kamal Ataturk Avenue,28 & 30
591,ZTE NORWAY AS,NO,Norway,Viken,Bærum,1364,Martin Linges Vei,25
6,3Step IT Group Oy,FI,Finland,Uusimaa,Helsinki,180,Mechelininkatu,1a
60,Aviat Networks Japan LLC,JP,Japan,,,,,
61,AWAN DISTRIBUTION FZC,AE,United Arab Emirates,Sharjah Emirate,Sharjah,,,
62,Axteq ApS,DK,Denmark,Region Zealand,Greve Strand,2670,Nimbusvej,1B
63,Az-Technology Sdn. Bhd.,MY,Malaysia,Selangor,Petaling Jaya,47301,Jalan PJU 1A/41B,97
64,BAE SYSTEMS APPLIED INTELLIGENCE (INTERNATIONAL) LIMITED,GB,United Kingdom,England,Guildford,GU2 7RQ,Priestley Road,170
65,BASICO P/S,DK,Denmark,Capital Region Of Denmark,Gentofte Municipality,2900,Philip Heymans Alle,2026-03-05 00:00:00
66,"BB CONNECT CO.,LTD.",TH,Thailand,,,,,
67,Bb Technology Co Ltd,TH,Thailand,Bangkok,Bangkok,10900,Kamphaeng Phet 6 Road,499
68,BCD TRAVEL ASIA PACIFIC PTE. LTD.,SG,Singapore,Central,Singapore,69046,McCallum Street,20
69,BCD N.V.,NL,Netherlands,Utrecht,Utrecht,3526 KS,Europalaan,300
7,A.T. KEARNEY AB,SE,Sweden,,,,,
70,BEAT A/S,DK,Denmark,Capital Region Of Denmark,Copenhagen,2720,Klingseyvej,15B
71,"Beijing Dynamic Power Co., Ltd",CN,China,Beijing,Fengtai District,100070,,
72,BIGID INC.,US,United States,Florida,,,,
73,Binkies Holding B.V.,NL,Netherlands,South Holland,The Hague,2491 AC,Oude Middenweg,31
74,BLACKWOOD SEVEN A/S,DK,Denmark,Capital Region Of Denmark,Copenhagen,2100,,
75,Blom Soefeldt - Erhvervspsykologisk radgivning,DK,Denmark,Capital Region Of Denmark,Copenhagen,1357,,
76,BOOST AI AS,NO,Norway,Rogaland,Sandnes,4313,Grenseveien,21
77,Bording Danmark A/S,DK,Denmark,Capital Region Of Denmark,Glostrup,2600,Ejby Industrivej,91
78,Braathens Regional Airways AB,SE,Sweden,Stockholm County,Stockholm,,,
79,BRAINCHILD COMMUNICATIONS PAKISTAN (PVT.) LIMITED,PK,Pakistan,,,,,
8,A. T. KEARNEY PTE. LTD,SG,Singapore,,,,,
80,Brobizz A/S,DK,Denmark,Capital Region Of Denmark,Copenhagen,1601,,
81,BUNDGAARD KOLETEKNIK. VEJLE A/S,DK,Denmark,Region Of Southern Denmark,Vejle,7100,Sadelmagervej,19
82,Bynder Holding B.V.,NL,Netherlands,North Holland,Amsterdam,1017 MB,Max Euweplein,46
83,C&W Services (S) Pte. Ltd.,SG,Singapore,Central,Singapore,178957,,
84,CAMPANA GROUP PTE. LTD.,SG,Singapore,Southeast,,486066,Changi Business Park Central 2,51
85,CBRE AS,NO,Norway,Oslo,Oslo,250,Bryggegata,9
86,CBRE Teknisk Servicepartner A/S,DK,Denmark,North Denmark Region,Aalborg,9000,Blytækkervej,3
87,CELLUSYS LIMITED,IE,Ireland,Leinster,Dublin 1,D01 NH93,Bachelors Walk,7
88,CENTERFORENINGEN FISKETORVET SHOPPING CENTER F.M.B.A.,DK,Denmark,,,,,
89,CETIN Hungary Zrt.,HU,Hungary,Central Hungary,Törökbálint,2045,Pannon Út,1
9,AALBORG CITY,DK,Denmark,North Denmark Region,Aalborg,9000,Lille Kongensgade,6
90,CHINA TELECOM GLOBAL LTD,HK,Hong Kong,Hong Kong,Hong Kong Island,,,
91,CHINA UNICOM (SINGAPORE) OPERATIONS PTE. LTD.,SG,Singapore,Central,Singapore,38988,Temasek Boulevard,8
92,CHUBB GLOBAL RISK ADVISORS PTE. LTD.,SG,Singapore,,,,,
93,CIBICOM SERVICES A/S,DK,Denmark,Capital Region Of Denmark,Ballerup,2750,Industriparken,35
94,CIENA LIMITED,GB,United Kingdom,England,London,EC2A 3NG,Curtain Road,20
95,CISCO INTERNATIONAL LIMITED,GB,United Kingdom,England,Feltham,TW14 8HA,New Square,2026-09-11 00:00:00
96,CISCO NORWAY AS,NO,Norway,Viken,Bærum,1366,Philip Pedersens Vei,1
97,CITERO AS,NO,Norway,Trøndelag,Trondheim,7014,Nedre Bakklandet,58C
98,"CLOUDERA, INC.",US,United States,California,Santa Clara,95054,Great America Parkway,5470
99,Comba Technologies Sdn. Bhd.,MY,Malaysia,Selangor,Subang Jaya,47650,Jalan USJ 25/1B,
